죄종별,항목,단위,2016 년,2017 년,2018 년,2019 년,2020 년,2021 년,2022 년,행정구역
총계,발생건수[건],건,476348,417066,388938,394276,394226,357243,364534,경기
강력범죄,발생건수[건],건,5885,5973,5828,5780,5518,5105,5556,경기
살인기수,발생건수[건],건,86,54,67,64,76,51,67,경기
살인,발생건수[건],건,67,41,45,47,65,39,46,경기
영아살해,발생건수[건],건,2,0,3,1,2,3,2,경기
존속살해,발생건수[건],건,11,6,8,7,5,7,7,경기
촉탁·승낙살인,발생건수[건],건,0,0,1,0,1,0,1,경기
자살교사·방조,발생건수[건],건,6,7,9,7,3,1,9,경기
위계·위력·촉탁·승낙살인,발생건수[건],건,0,0,0,1,0,0,0,경기
특가법(보복살인등),발생건수[건],건,0,0,1,1,0,0,1,경기
아동학대처벌법(아동학대살해),발생건수[건],건,0,0,0,0,0,1,1,경기
살인미수등,발생건수[건],건,165,124,128,105,83,102,100,경기
살인,발생건수[건],건,154,114,113,95,67,91,93,경기
영아살해,발생건수[건],건,0,0,0,0,0,1,0,경기
존속살해,발생건수[건],건,9,7,8,4,8,7,3,경기
촉탁·승낙살인,발생건수[건],건,0,0,0,0,1,1,1,경기
자살교사·방조,발생건수[건],건,2,3,7,5,7,2,3,경기
위계·위력·촉탁·승낙살인,발생건수[건],건,0,0,0,1,0,0,0,경기
강도,발생건수[건],건,186,206,166,181,158,88,111,경기
강도,발생건수[건],건,37,32,38,26,26,15,11,경기
준강도,발생건수[건],건,19,14,17,15,16,10,14,경기
특수강도,발생건수[건],건,50,81,44,83,63,24,44,경기
준특수강도,발생건수[건],건,0,0,0,2,1,1,1,경기
강도상해·치상,발생건수[건],건,69,62,51,42,47,32,36,경기
강도살인·치사,발생건수[건],건,7,7,3,6,5,4,2,경기
해상강도(살인·치사·상해·치상),발생건수[건],건,0,0,0,0,0,0,0,경기
인질강도,발생건수[건],건,2,1,1,1,0,0,0,경기
강도강간,발생건수[건],건,2,7,11,6,0,2,1,경기
(특수·인질·해상)강도(상습),발생건수[건],건,0,0,0,0,0,0,0,경기
특가법(강도),발생건수[건],건,0,1,1,0,0,0,2,경기
특가법(강도상해재범),발생건수[건],건,0,1,0,0,0,0,0,경기
강간,발생건수[건],건,1184,1129,1134,1125,1192,1231,1184,경기
강간,발생건수[건],건,532,461,495,495,514,487,480,경기
강간(상습),발생건수[건],건,0,0,0,0,2,0,1,경기
준강간,발생건수[건],건,202,214,223,226,243,229,216,경기
준강간(상습),발생건수[건],건,0,0,0,0,0,0,0,경기
강간상해·치상,발생건수[건],건,81,68,67,67,51,62,42,경기
강간살인·치사,발생건수[건],건,0,0,0,0,1,0,0,경기
미성년자간음(심신미약자),발생건수[건],건,1,0,4,3,6,15,21,경기
업무상위력에의한간음,발생건수[건],건,4,4,5,8,14,1,3,경기
친족관계에의한강간,발생건수[건],건,42,41,40,24,29,31,26,경기
장애인에대한강간·간음,발생건수[건],건,60,47,58,70,86,76,53,경기
청소년에대한강간·간음,발생건수[건],건,148,179,137,130,132,121,104,경기
미성년자의제강간,발생건수[건],건,14,17,14,22,54,117,152,경기
13세미만미성년자강간·간음,발생건수[건],건,18,19,14,20,14,20,19,경기
특수강간(준),발생건수[건],건,52,49,56,46,27,44,43,경기
주거침입강간,발생건수[건],건,24,26,17,11,17,18,7,경기
절도강간,발생건수[건],건,1,0,0,0,0,0,0,경기
특수강도강간,발생건수[건],건,5,4,4,3,2,3,3,경기
아동학대처벌법위반(상습강간·간음),발생건수[건],건,0,0,0,0,0,0,0,경기
16세미만아동·청소년간음,발생건수[건],건,0,0,0,0,0,7,14,경기
유사강간,발생건수[건],건,130,129,163,184,191,175,196,경기
유사강간,발생건수[건],건,61,54,86,94,97,84,88,경기
유사강간(상습),발생건수[건],건,0,0,0,0,0,0,0,경기
준유사강간,발생건수[건],건,13,17,23,33,31,29,45,경기
준유사강간(상습),발생건수[건],건,0,0,0,0,0,0,0,경기
유사강간상해·치상,발생건수[건],건,4,6,4,3,6,3,3,경기
유사강간살인·치사,발생건수[건],건,0,0,0,0,0,0,0,경기
미성년자의제유사강간,발생건수[건],건,0,1,2,2,7,5,8,경기
유사성행위,발생건수[건],건,48,50,41,51,47,52,48,경기
주거침입유사강간,발생건수[건],건,3,1,7,1,2,2,4,경기
절도유사강간,발생건수[건],건,0,0,0,0,0,0,0,경기
특수강도유사강간,발생건수[건],건,1,0,0,0,1,0,0,경기
아동학대처벌법위반(상습유사강간),발생건수[건],건,0,0,0,0,0,0,0,경기
강제추행,발생건수[건],건,3712,3956,3744,3752,3500,3162,3569,경기
강제추행,발생건수[건],건,2419,2571,2532,2555,2530,2212,2511,경기
강제추행(상습),발생건수[건],건,6,1,6,1,4,5,7,경기
준강제추행,발생건수[건],건,138,197,156,178,152,155,152,경기
준강제추행(상습),발생건수[건],건,0,0,0,0,0,0,0,경기
강제추행상해·치상,발생건수[건],건,43,42,21,36,47,23,24,경기
강제추행살인·치사,발생건수[건],건,0,0,0,0,0,0,0,경기
업무상위력등에의한추행,발생건수[건],건,67,85,72,54,74,89,80,경기
친족관계에의한강제추행,발생건수[건],건,79,68,77,80,71,72,73,경기
장애인에대한강제추행·추행,발생건수[건],건,59,74,67,84,79,59,78,경기
청소년에대한강제추행·추행,발생건수[건],건,394,417,341,259,202,192,210,경기
미성년자추행(심신미약자),발생건수[건],건,0,1,0,0,2,4,2,경기
미성년자의제강제추행,발생건수[건],건,3,5,7,6,5,11,10,경기
13세미만미성년자강제추행·추행,발생건수[건],건,185,175,196,236,174,187,218,경기
공중밀집장소에서의추행,발생건수[건],건,265,280,236,224,136,108,153,경기
특수강제추행(준),발생건수[건],건,13,13,12,14,3,11,12,경기
주거침입강제추행,발생건수[건],건,41,27,21,25,21,28,25,경기
절도강제추행,발생건수[건],건,0,0,0,0,0,0,0,경기
특수강도강제추행,발생건수[건],건,0,0,0,0,0,0,0,경기
아동학대처벌법위반(상습강제추행·추행),발생건수[건],건,0,0,0,0,0,0,0,경기
16세미만아동·청소년추행,발생건수[건],건,0,0,0,0,0,6,14,경기
기타 강간·강제추행 등,발생건수[건],건,85,71,67,71,38,48,51,경기
강간등상해·치상,발생건수[건],건,20,13,16,16,12,16,12,경기
강간등살인·치사,발생건수[건],건,0,0,0,0,0,2,1,경기
친족관계에의한강간등,발생건수[건],건,0,0,0,0,0,0,0,경기
장애인에대한준강간등,발생건수[건],건,5,4,4,2,2,0,2,경기
청소년에대한강간등,발생건수[건],건,42,39,28,29,16,17,30,경기
미성년자의제강간등,발생건수[건],건,0,0,0,0,0,0,0,경기
13세미만미성년자강간등,발생건수[건],건,4,2,9,10,5,8,3,경기
주거침입강간등,발생건수[건],건,6,7,8,10,2,3,1,경기
절도강간등,발생건수[건],건,0,1,0,0,0,0,0,경기
특수강도강간등,발생건수[건],건,8,5,2,4,1,1,2,경기
성폭력범죄의처벌및피해자보호등에관한법률위반,발생건수[건],건,0,0,0,0,0,1,0,경기
방화,발생건수[건],건,337,304,359,298,280,248,278,경기
방화,발생건수[건],건,0,0,0,0,0,0,0,경기
현주·공용건조물등방화,발생건수[건],건,189,156,220,174,159,139,162,경기
현주건조물등방화치상,발생건수[건],건,6,4,3,6,3,3,3,경기
현주건조물등방화치사,발생건수[건],건,3,2,3,3,1,2,2,경기
일반건조물등방화,발생건수[건],건,103,103,98,82,88,74,81,경기
자기소유건조물등방화,발생건수[건],건,5,11,3,8,8,11,5,경기
방화연소,발생건수[건],건,7,4,6,5,5,1,7,경기
진화방해,발생건수[건],건,0,0,0,0,0,0,0,경기
폭발성물건파열(치사·상),발생건수[건],건,2,2,2,0,0,0,3,경기
폭발성물건파열(과실),발생건수[건],건,3,6,3,5,3,7,6,경기
가스등방출(치사·상),발생건수[건],건,11,6,9,4,2,2,3,경기
가스등방출(과실),발생건수[건],건,0,0,0,0,0,0,0,경기
가스등공급사용방해(치사·상),발생건수[건],건,2,4,1,5,1,2,1,경기
가스등공급사용방해(과실),발생건수[건],건,1,0,1,0,0,0,0,경기
자동차방화,발생건수[건],건,5,6,10,6,10,7,5,경기
절도범죄,발생건수[건],건,44788,41417,41111,41955,40797,37367,41539,경기
절도,발생건수[건],건,39117,36741,36734,37512,36437,33581,38067,경기
절도(상습),발생건수[건],건,646,341,213,213,167,200,231,경기
특수절도,발생건수[건],건,3461,2916,2782,2659,2711,2075,1923,경기
특수절도(상습),발생건수[건],건,110,19,12,4,7,11,1,경기
야간주거침입절도,발생건수[건],건,1177,1184,1010,1129,938,839,776,경기
야간주거침입절도(상습),발생건수[건],건,46,9,13,36,8,19,4,경기
불법사용,발생건수[건],건,115,97,157,165,200,233,215,경기
불법사용(상습),발생건수[건],건,1,0,0,1,0,0,0,경기
특가법(절도),발생건수[건],건,115,110,190,236,329,409,322,경기
특가법(단체등의조직),발생건수[건],건,0,0,0,0,0,0,0,경기
폭력범죄,발생건수[건],건,75495,71994,72672,73825,68089,59885,63963,경기
상해,발생건수[건],건,9459,8116,7656,7033,6417,5291,5058,경기
상해,발생건수[건],건,9351,7987,7542,6910,6271,5158,4936,경기
상해(중),발생건수[건],건,9,13,12,16,15,10,9,경기
상해(상습),발생건수[건],건,7,8,8,7,5,3,3,경기
상해(상습중),발생건수[건],건,0,0,0,0,0,0,0,경기
상해치사,발생건수[건],건,10,11,10,12,7,7,6,경기
존속상해,발생건수[건],건,61,68,51,64,72,71,53,경기
존속상해(중),발생건수[건],건,0,0,0,0,2,0,0,경기
존속상해(상습),발생건수[건],건,1,0,1,1,0,1,1,경기
존속상해(상습중),발생건수[건],건,0,0,0,0,0,0,0,경기
존속상해치사,발생건수[건],건,4,1,1,1,3,1,4,경기
특가법(보복상해등),발생건수[건],건,7,11,2,5,5,2,7,경기
아동학대처벌법위반(상습상해),발생건수[건],건,2,0,1,0,0,1,0,경기
특수상해,발생건수[건],건,4,6,19,8,21,13,17,경기
특수상해(중),발생건수[건],건,0,1,0,0,1,1,2,경기
특수상해(상습),발생건수[건],건,0,0,0,1,1,1,0,경기
존속상해(특수·특수중),발생건수[건],건,3,10,9,8,14,22,20,경기
폭행,발생건수[건],건,42432,40958,41430,41920,36794,31075,33788,경기
폭행,발생건수[건],건,38963,37640,37906,38320,33286,27117,29520,경기
폭행(상습),발생건수[건],건,23,11,23,20,19,24,25,경기
폭행치상,발생건수[건],건,373,334,342,349,347,370,352,경기
폭행치사,발생건수[건],건,15,8,10,17,14,11,7,경기
특수폭행,발생건수[건],건,1966,1993,2148,2166,1938,1948,2270,경기
특수폭행(상습),발생건수[건],건,0,2,1,0,0,0,1,경기
특수폭행치상,발생건수[건],건,20,21,25,17,13,20,23,경기
특수폭행치사,발생건수[건],건,0,0,0,1,0,0,0,경기
존속폭행,발생건수[건],건,449,384,488,503,550,654,595,경기
존속폭행(특수),발생건수[건],건,4,6,12,5,21,21,31,경기
존속폭행(상습),발생건수[건],건,2,8,1,3,6,2,8,경기
존속폭행치상,발생건수[건],건,4,4,3,3,4,4,9,경기
존속폭행치사,발생건수[건],건,1,3,0,1,0,0,2,경기
특가법(운전자폭행등),발생건수[건],건,587,531,444,484,583,873,917,경기
특가법(보복폭행등),발생건수[건],건,11,5,14,18,5,14,15,경기
특가법(보복범죄등),발생건수[건],건,12,7,9,12,6,17,11,경기
아동학대처벌법위반(상습폭행),발생건수[건],건,2,1,4,1,2,0,2,경기
체포·감금,발생건수[건],건,294,323,317,324,303,261,287,경기
체포·감금,발생건수[건],건,243,273,268,277,260,202,233,경기
체포·감금(중),발생건수[건],건,9,6,7,6,10,5,3,경기
체포·감금(특수·특수중),발생건수[건],건,20,16,11,13,15,16,22,경기
체포·감금(상습·상습중),발생건수[건],건,0,0,0,0,0,0,0,경기
체포·감금치사상(중·특수·상습),발생건수[건],건,17,22,24,22,14,32,15,경기
존속체포·감금,발생건수[건],건,2,3,7,4,4,4,10,경기
존속체포·감금(중),발생건수[건],건,0,0,0,0,0,1,1,경기
존속체포·감금(특수·특수중),발생건수[건],건,1,1,0,0,0,0,0,경기
존속체포·감금(상습·상습중),발생건수[건],건,0,0,0,0,0,0,0,경기
존속체포·감금치사상(중·특수·상습),발생건수[건],건,0,1,0,1,0,0,0,경기
특가법(보복체포·감금등),발생건수[건],건,2,1,0,1,0,1,3,경기
아동학대처벌법위반(상습체포·감금),발생건수[건],건,0,0,0,0,0,0,0,경기
협박,발생건수[건],건,4241,4258,4883,5807,5878,5995,5958,경기
협박,발생건수[건],건,1915,1736,2132,2575,2600,2615,2413,경기
협박(특수),발생건수[건],건,2212,2450,2653,3102,3156,3203,3371,경기
협박(상습),발생건수[건],건,14,4,4,8,8,6,4,경기
협박(상습특수),발생건수[건],건,0,0,0,0,0,2,0,경기
존속협박,발생건수[건],건,57,37,54,73,66,66,72,경기
존속협박(특수),발생건수[건],건,16,19,14,28,29,56,58,경기
존속협박(상습),발생건수[건],건,0,0,1,1,0,0,1,경기
존속협박(상습특수),발생건수[건],건,1,0,0,0,0,0,0,경기
특가법(운전자협박),발생건수[건],건,0,0,0,0,0,0,0,경기
특가법(보복협박등),발생건수[건],건,26,12,25,20,19,47,39,경기
아동학대처벌법위반(상습협박),발생건수[건],건,0,0,0,0,0,0,0,경기
약취·유인,발생건수[건],건,55,55,51,82,63,67,77,경기
약취·유인(미성년자),발생건수[건],건,25,38,38,60,47,53,59,경기
약취·유인(추행·간음·결혼·영리),발생건수[건],건,26,14,12,13,10,13,17,경기
약취·유인(노동력착취·성매매·성적착취·장기적출),발생건수[건],건,0,0,0,6,2,1,0,경기
인신매매,발생건수[건],건,0,0,1,2,2,0,0,경기
인신매매(추행·간음·결혼·영리),발생건수[건],건,0,0,0,0,0,0,0,경기
인신매매등(노동력착취·성매매·성적착취·장기적출),발생건수[건],건,0,0,0,1,0,0,0,경기
국외이송약취·유인·인신매매,발생건수[건],건,0,3,0,0,0,0,1,경기
피약취자·피유인자·피매매자(상해·치상),발생건수[건],건,1,0,0,0,1,0,0,경기
피약취자·피유인자·피매매자(살해·치사),발생건수[건],건,0,0,0,0,0,0,0,경기
피약취자·피유인자·피매매자(수수·은닉),발생건수[건],건,0,0,0,0,0,0,0,경기
특가법(약취·유인등),발생건수[건],건,0,0,0,0,0,0,0,경기
특가법(13세미만약취·유인등),발생건수[건],건,1,0,0,0,1,0,0,경기
아동복지법위반(아동매매),발생건수[건],건,2,0,0,0,0,0,0,경기
아동학대처벌법위반(상습국외이송),발생건수[건],건,0,0,0,0,0,0,0,경기
아동학대처벌법위반(상습약취·유인·인신매매),발생건수[건],건,0,0,0,0,0,0,0,경기
아동학대처벌법위반(상습피약취자·피매매자·피유인자),발생건수[건],건,0,0,0,0,0,0,0,경기
폭력행위등,발생건수[건],건,3252,2756,2236,1967,1701,1515,1530,경기
폭력행위등처벌에관한법률위반(상습),발생건수[건],건,16,5,3,3,2,13,9,경기
폭력행위등처벌에관한법률위반(공동),발생건수[건],건,2848,2571,2108,1870,1630,1440,1485,경기
"폭력행위등처벌에관한법률위반(집단,흉기등)",발생건수[건],건,187,32,36,22,17,22,8,경기
"폭력행위등처벌에관한법률위반(상습집단,흉기등)",발생건수[건],건,4,1,3,0,0,1,0,경기
폭력행위등처벌에관한법률위반(야간·공동),발생건수[건],건,0,0,0,3,0,0,0,경기
폭력행위등처벌에관한법률위반(야간집단흉기등),발생건수[건],건,0,0,0,0,0,0,0,경기
폭력행위등처벌에관한법률위반(단체등의구성·활동),발생건수[건],건,21,22,16,27,18,18,13,경기
폭력행위등처벌에관한법률위반(단체등의[상습·공동·집단흉기등·상습집단흉기등]),발생건수[건],건,19,7,10,13,12,0,0,경기
폭력행위등처벌에관한법률위반(단체등의[상습·공동·상습특수]),발생건수[건],건,0,0,0,0,0,7,7,경기
폭력행위등처벌에관한법률위반(단체등의이용·지원),발생건수[건],건,3,1,0,0,0,0,0,경기
폭력행위등처벌에관한법률위반(우범자),발생건수[건],건,154,117,60,29,22,14,8,경기
공갈,발생건수[건],건,782,1052,970,1177,1306,1319,1911,경기
공갈,발생건수[건],건,765,1001,932,1117,1271,1290,1888,경기
공갈(상습),발생건수[건],건,14,17,9,36,10,6,5,경기
특경법(공갈),발생건수[건],건,1,5,5,10,5,2,5,경기
아동학대처벌법위반(상습공갈),발생건수[건],건,0,0,0,0,0,0,0,경기
특수공갈,발생건수[건],건,2,29,24,14,20,21,13,경기
특수공갈(상습),발생건수[건],건,0,0,0,0,0,0,0,경기
손괴,발생건수[건],건,14980,14476,15129,15515,15627,14362,15354,경기
손괴의죄,발생건수[건],건,14980,14476,15129,15515,15627,14362,15354,경기
아동학대처벌법위반(상습손괴),발생건수[건],건,0,0,0,0,0,0,0,경기
지능범죄,발생건수[건],건,72165,71135,81715,93292,105501,91869,98422,경기
직무유기,발생건수[건],건,93,90,116,78,140,134,323,경기
직무유기·수행거부,발생건수[건],건,93,90,116,78,140,133,321,경기
특가법(직무유기),발생건수[건],건,0,0,0,0,0,1,2,경기
폭력행위등처벌에관한법률위반(직무유기),발생건수[건],건,0,0,0,0,0,0,0,경기
직권남용,발생건수[건],건,87,98,102,112,169,148,462,경기
직권남용(권리행사방해·체포·감금),발생건수[건],건,47,60,78,75,122,104,368,경기
독직폭행·가혹행위,발생건수[건],건,30,28,22,27,34,28,81,경기
피의사실공표,발생건수[건],건,0,1,0,0,0,1,0,경기
공무상비밀누설,발생건수[건],건,7,3,1,10,8,11,11,경기
선거방해,발생건수[건],건,0,0,1,0,0,0,1,경기
"특가법(체포·감금,독직폭행·가혹행위)",발생건수[건],건,3,6,0,0,5,4,1,경기
증수뢰,발생건수[건],건,38,70,44,45,46,55,79,경기
뇌물수수등,발생건수[건],건,25,44,24,10,11,11,22,경기
뇌물공여등,발생건수[건],건,6,10,7,8,6,6,4,경기
특가법(뇌물),발생건수[건],건,4,2,2,1,7,9,26,경기
특가법(알선수재),발생건수[건],건,3,4,3,4,3,1,0,경기
부패방지법,발생건수[건],건,0,0,0,0,0,4,1,경기
부정청탁금지법,발생건수[건],건,0,10,8,22,19,24,26,경기
통화,발생건수[건],건,408,759,285,193,148,77,104,경기
통화위조·변조,발생건수[건],건,319,586,197,121,91,50,60,경기
특가법(통화위조),발생건수[건],건,10,5,1,0,0,0,0,경기
기타통화에관한죄,발생건수[건],건,79,168,87,72,57,27,44,경기
문서·인장,발생건수[건],건,2912,2521,2233,2395,2522,2346,2561,경기
공문서위조·변조,발생건수[건],건,717,562,481,512,488,359,492,경기
공전자기록등위작·변작,발생건수[건],건,6,7,14,7,9,13,16,경기
사문서위조·변조,발생건수[건],건,1891,1782,1622,1707,1675,1557,1611,경기
사전자기록등위작·변작,발생건수[건],건,89,66,50,83,247,311,323,경기
공인등의위조·부정사용및행사,발생건수[건],건,168,66,37,44,53,64,83,경기
사인등의위조·부정사용및행사,발생건수[건],건,41,38,29,42,50,42,36,경기
유가증권인지,발생건수[건],건,56,48,31,34,23,16,15,경기
유가증권위조·변조,발생건수[건],건,56,48,30,34,23,16,15,경기
우표(인지)등위조·변조,발생건수[건],건,0,0,1,0,0,0,0,경기
사기,발생건수[건],건,54907,53752,63210,74317,85718,74599,78368,경기
사기,발생건수[건],건,52589,51472,61464,71947,81297,67719,70500,경기
사기(상습),발생건수[건],건,508,511,116,175,230,91,99,경기
준사기,발생건수[건],건,14,20,17,23,29,29,36,경기
준사기(상습),발생건수[건],건,0,0,0,0,0,0,0,경기
컴퓨터등사용사기,발생건수[건],건,1338,996,485,630,2093,4923,5954,경기
편의시설부정이용,발생건수[건],건,15,123,229,347,625,350,342,경기
부당이득,발생건수[건],건,8,12,15,13,15,8,8,경기
부당이득(상습),발생건수[건],건,0,0,0,0,0,0,0,경기
특경법(사기),발생건수[건],건,429,369,491,533,598,508,717,경기
보험사기방지특별법위반,발생건수[건],건,6,249,393,649,831,971,712,경기
횡령,발생건수[건],건,12769,12940,14760,15208,15703,13759,15665,경기
횡령,발생건수[건],건,2885,2462,2552,2502,2649,2118,2265,경기
업무상횡령,발생건수[건],건,1251,1238,1256,1331,1318,1094,1227,경기
점유이탈물등횡령,발생건수[건],건,8493,9082,10773,11221,11546,10387,11974,경기
특경법(횡령),발생건수[건],건,140,158,179,154,190,160,199,경기
배임,발생건수[건],건,895,857,934,910,1032,735,845,경기
배임,발생건수[건],건,323,351,332,303,287,162,175,경기
업무상배임,발생건수[건],건,447,374,453,463,570,419,492,경기
배임수재,발생건수[건],건,29,35,40,40,30,24,17,경기
배임증재,발생건수[건],건,5,6,4,8,1,7,6,경기
특경법(배임),발생건수[건],건,83,82,96,87,136,113,146,경기
특경법(수재등),발생건수[건],건,2,5,6,3,3,3,2,경기
특경법(증재등),발생건수[건],건,1,0,0,0,1,1,1,경기
특경법(알선수재),발생건수[건],건,5,4,3,6,4,6,6,경기
풍속범죄,발생건수[건],건,5836,4999,5058,5111,6897,6945,7411,경기
성풍속범죄,발생건수[건],건,3288,3570,3874,3161,3984,4511,5990,경기
간통,발생건수[건],건,0,0,0,0,0,0,0,경기
혼인빙자간음,발생건수[건],건,0,0,0,0,0,0,0,경기
혼인빙자간음(위계간음),발생건수[건],건,0,0,0,0,0,0,0,경기
공연음란,발생건수[건],건,701,902,773,830,680,695,631,경기
음행매개,발생건수[건],건,0,0,0,0,0,2,0,경기
"음화등반포(판매,임대,전시,제조)",발생건수[건],건,3,5,1,4,12,2,4,경기
정보통신망이용촉진및정보보호등에관한법률(음란물유포),발생건수[건],건,579,735,816,336,398,221,154,경기
"성폭력범죄의처벌등에관한특례법(카메라등이용촬영,반포등)",발생건수[건],건,1218,1292,1401,1317,1384,1354,1398,경기
성폭력범죄의처벌등에관한특례법(통신매체이용음란),발생건수[건],건,352,365,370,325,534,1369,2807,경기
성폭력범죄의처벌등에관한특례법(성적목적다중이용장소침입),발생건수[건],건,135,113,193,186,199,156,181,경기
아동·청소년의성보호에관한법률위반(아동·청소년성착취물소지·제작·배포등),발생건수[건],건,239,91,278,128,701,460,423,경기
풍속영업의규제에관한법률,발생건수[건],건,61,67,42,35,31,24,29,경기
"성폭력범죄의처벌등에관한특례법(허위영상물편집,반포등)",발생건수[건],건,0,0,0,0,7,66,50,경기
"성폭력범죄의처벌등에관한특례법(촬영물등이용협박,강요등)",발생건수[건],건,0,0,0,0,38,162,313,경기
도박범죄,발생건수[건],건,2548,1429,1184,1950,2913,2434,1421,경기
도박,발생건수[건],건,1413,870,703,990,1200,1006,505,경기
도박(상습),발생건수[건],건,66,29,40,41,8,7,17,경기
도박개장,발생건수[건],건,74,75,68,112,258,90,133,경기
복표발매(중개·취득),발생건수[건],건,0,0,0,0,1,1,2,경기
기타도박범죄,발생건수[건],건,995,455,373,807,1446,1330,764,경기
특별경제범죄,발생건수[건],건,14626,12623,12889,12819,12364,10326,12607,경기
"신용,업무와경매에관한죄",발생건수[건],건,5881,5922,5981,5937,5682,4251,4617,경기
여신전문금융업법위반,발생건수[건],건,448,465,474,453,449,379,490,경기
대부업의등록및금융이용자보호에관한법률,발생건수[건],건,284,259,244,322,239,139,170,경기
유사수신행위의규제에관한법률,발생건수[건],건,77,59,48,74,89,58,114,경기
전자금융거래법위반,발생건수[건],건,1532,1120,1914,1850,1802,1843,2505,경기
부정수표단속법,발생건수[건],건,664,422,467,398,168,140,114,경기
조세범처벌법,발생건수[건],건,715,614,590,712,709,521,644,경기
관세법,발생건수[건],건,0,1,0,2,0,0,0,경기
외국환거래법,발생건수[건],건,14,16,15,22,12,24,30,경기
지방세법,발생건수[건],건,10,39,84,94,41,24,26,경기
저작권법,발생건수[건],건,3805,2882,2144,1816,1828,1906,2861,경기
특허법,발생건수[건],건,64,70,53,70,53,30,29,경기
상표법,발생건수[건],건,790,496,565,644,525,523,578,경기
실용신안법,발생건수[건],건,9,7,6,6,4,19,8,경기
디자인보호법,발생건수[건],건,46,61,87,98,166,70,45,경기
컴퓨터프로그램보호법,발생건수[건],건,0,0,0,0,0,0,0,경기
특가법(관세),발생건수[건],건,0,1,1,0,0,0,1,경기
특가법(국고손실),발생건수[건],건,0,1,0,0,0,0,8,경기
특가법(조세),발생건수[건],건,59,69,99,85,81,76,82,경기
특경법(무인가단기금융업),발생건수[건],건,0,0,0,0,0,0,0,경기
특경법(사금융알선등),발생건수[건],건,1,2,1,1,2,1,1,경기
특경법(재산국외도피),발생건수[건],건,0,0,0,0,0,1,0,경기
기타경제범죄,발생건수[건],건,227,117,116,235,514,321,284,경기
마약범죄,발생건수[건],건,1285,1474,1273,1813,1982,1921,2038,경기
아편·몰핀에관한죄,발생건수[건],건,0,0,1,0,0,0,0,경기
마약류관리에관한법률(대마),발생건수[건],건,126,163,125,321,212,296,267,경기
마약류관리에관한법률(마약),발생건수[건],건,176,237,287,305,437,310,446,경기
마약류관리에관한법률(향정),발생건수[건],건,968,1073,846,1170,1324,1314,1318,경기
마약류불법거래방지에관한특례법,발생건수[건],건,15,0,14,17,8,0,6,경기
특가법(마약),발생건수[건],건,0,1,0,0,1,0,0,경기
특가법(향정),발생건수[건],건,0,0,0,0,0,1,1,경기
보건범죄,발생건수[건],건,3040,2662,2606,2987,3474,3694,3439,경기
음용수에관한죄,발생건수[건],건,7,4,2,3,4,4,12,경기
공중위생관리법,발생건수[건],건,156,132,181,154,146,101,105,경기
식품위생법,발생건수[건],건,1753,1389,1187,1348,1286,725,886,경기
의료법,발생건수[건],건,493,606,733,899,797,653,458,경기
약사법,발생건수[건],건,258,200,168,192,240,162,186,경기
감염병예방법,발생건수[건],건,1,0,0,0,585,1753,1556,경기
보건범죄특조법(부정식품),발생건수[건],건,1,0,0,0,1,0,0,경기
보건범죄특조법(부정의료업자),발생건수[건],건,49,40,12,21,19,38,20,경기
보건범죄특조법(부정의약품),발생건수[건],건,4,0,0,1,3,0,2,경기
기타보건범죄,발생건수[건],건,318,291,323,369,393,258,214,경기
환경범죄,발생건수[건],건,1236,1393,1260,1428,1302,1343,1322,경기
대기환경보전법,발생건수[건],건,490,620,511,559,608,636,620,경기
토양환경보전법,발생건수[건],건,5,3,5,4,6,2,3,경기
수질환경보전법,발생건수[건],건,0,0,0,0,0,0,0,경기
야생생물보호및관리에관한법률위반,발생건수[건],건,22,16,11,27,20,12,22,경기
특가법(산림),발생건수[건],건,0,0,1,0,0,0,0,경기
폐기물관리법,발생건수[건],건,369,440,458,501,493,521,482,경기
해양환경관리법,발생건수[건],건,0,1,0,0,0,0,0,경기
환경범죄의단속에관한특별조치법,발생건수[건],건,0,0,0,1,0,0,0,경기
기타환경범죄,발생건수[건],건,350,313,274,336,175,172,195,경기
교통범죄,발생건수[건],건,167818,135634,109557,99312,93982,85587,68279,경기
교통사고,발생건수[건],건,85615,69695,61744,61431,59908,52784,31319,경기
교통사고처리특례법,발생건수[건],건,46308,45054,49000,49452,47290,42010,20782,경기
도로교통법,발생건수[건],건,5747,4491,3795,3988,3890,3280,3707,경기
도로교통법(사고후미조치),발생건수[건],건,29480,16072,4768,4155,4469,3604,3129,경기
특가법(도주차량),발생건수[건],건,2618,2572,2646,2606,2745,2520,2538,경기
특가법(위험운전치사상),발생건수[건],건,1462,1506,1535,1230,1428,1225,1001,경기
특가법(어린이보호구역치사상),발생건수[건],건,0,0,0,0,86,145,162,경기
교통사고외,발생건수[건],건,82203,65939,47813,37881,34074,32803,36960,경기
교통방해의죄,발생건수[건],건,393,327,346,331,359,341,361,경기
도로교통법(공동위험행위),발생건수[건],건,16,18,5,1,3,5,5,경기
도로교통법(무면허운전),발생건수[건],건,29707,16314,6417,5976,5523,4349,4405,경기
도로교통법(음주운전),발생건수[건],건,50791,47759,39460,30248,26850,25738,28336,경기
도로교통법(음주측정거부),발생건수[건],건,625,717,797,689,701,828,974,경기
도로법,발생건수[건],건,671,804,788,636,638,1542,2879,경기
기타교통범죄,발생건수[건],건,0,0,0,0,0,0,0,경기
노동범죄,발생건수[건],건,797,764,383,122,72,74,92,경기
근로기준법,발생건수[건],건,2,3,6,7,10,4,1,경기
노동조합및노동관계조정법,발생건수[건],건,0,5,4,3,6,1,1,경기
산업안전보건법,발생건수[건],건,7,5,3,6,7,13,4,경기
직업안정법,발생건수[건],건,76,91,72,81,39,21,51,경기
기타노동범죄,발생건수[건],건,712,660,298,25,10,35,35,경기
안보범죄,발생건수[건],건,20,28,13,25,35,34,77,경기
공안을해하는죄,발생건수[건],건,11,15,7,15,24,20,68,경기
국가보안법,발생건수[건],건,7,10,5,10,6,11,4,경기
기타안보범죄,발생건수[건],건,2,3,1,0,5,3,5,경기
선거범죄,발생건수[건],건,193,131,334,57,144,30,570,경기
공직선거법,발생건수[건],건,189,129,322,6,136,22,558,경기
정당법,발생건수[건],건,2,0,5,0,1,0,0,경기
정치자금법,발생건수[건],건,2,1,5,1,5,4,8,경기
기타선거범죄,발생건수[건],건,0,1,2,50,2,4,4,경기
병역범죄,발생건수[건],건,4120,4405,4148,3869,903,432,1474,경기
병역법,발생건수[건],건,1511,2262,2092,2196,498,362,1213,경기
예비군법위반,발생건수[건],건,2608,2142,2056,1672,405,69,261,경기
기타병역범죄,발생건수[건],건,1,1,0,1,0,1,0,경기
기타범죄,발생건수[건],건,79044,62434,50091,51881,53166,52631,57745,경기
가정폭력범죄의처벌등에관한특례법위반,발생건수[건],건,44,51,72,99,93,306,366,경기
개인정보보호법,발생건수[건],건,184,230,268,307,451,439,509,경기
건설산업기본법,발생건수[건],건,823,1580,904,294,192,194,174,경기
건설폐기물의재활용촉진에관한법률,발생건수[건],건,10,12,11,15,16,20,11,경기
건축법,발생건수[건],건,1023,1477,938,1157,996,790,498,경기
게임산업진흥에관한법률,발생건수[건],건,1591,1577,1162,979,1070,679,812,경기
경범죄처벌법,발생건수[건],건,2007,1811,1865,2286,2168,2008,2281,경기
고압가스안전관리법,발생건수[건],건,35,47,30,46,49,42,27,경기
골재채취법,발생건수[건],건,9,11,19,12,7,1,4,경기
공무방해에관한죄,발생건수[건],건,3246,2635,2200,2288,2266,1848,2132,경기
공유수면관리및매립에관한법률위반,발생건수[건],건,56,20,29,30,43,35,39,경기
공인중개사법,발생건수[건],건,225,239,243,175,178,217,245,경기
과실치사상의죄,발생건수[건],건,1243,1375,1500,1589,1554,1551,1642,경기
교육환경법,발생건수[건],건,0,315,93,54,35,54,91,경기
국민건강보험법,발생건수[건],건,129,106,99,110,83,69,114,경기
국민연금법,발생건수[건],건,5,15,25,17,6,8,20,경기
국토의계획및이용에관한법률,발생건수[건],건,472,618,444,596,479,515,539,경기
권리행사를방해하는죄,발생건수[건],건,2337,2772,3051,2721,2127,1468,1418,경기
낙태의죄,발생건수[건],건,5,3,2,5,7,1,0,경기
낚시관리및육성법위반,발생건수[건],건,46,11,17,13,28,19,14,경기
내수면어업법,발생건수[건],건,5,5,5,8,10,0,1,경기
농수산물유통및가격안정에관한법률,발생건수[건],건,4,5,16,9,4,0,3,경기
농수산물품질관리법,발생건수[건],건,0,0,1,0,0,1,0,경기
농지법,발생건수[건],건,421,349,382,321,434,663,555,경기
담배사업법,발생건수[건],건,36,70,58,29,20,26,25,경기
도시가스사업법,발생건수[건],건,9,8,8,8,7,9,22,경기
도시공원및녹지등에관한법률,발생건수[건],건,17,15,11,22,17,20,17,경기
도주와도주원조죄,발생건수[건],건,1,1,1,0,3,3,0,경기
독점규제및공정거래에관한법률,발생건수[건],건,2,3,0,1,3,2,0,경기
동물보호법,발생건수[건],건,0,0,0,0,0,339,349,경기
명예에관한죄,발생건수[건],건,6440,5641,6220,6806,7307,7512,8539,경기
무고의죄,발생건수[건],건,723,851,977,932,1131,932,1081,경기
문화재보호법,발생건수[건],건,23,37,31,34,25,35,39,경기
밀항단속법,발생건수[건],건,0,1,0,0,0,0,0,경기
방문판매등에관한법률,발생건수[건],건,27,24,15,18,43,8,8,경기
배타적경제수역의외국인어업등에관한법률,발생건수[건],건,0,0,0,0,0,0,0,경기
범인은닉·범인도피죄,발생건수[건],건,19,24,10,14,25,20,22,경기
변호사법,발생건수[건],건,77,75,71,54,70,93,60,경기
보안관찰법,발생건수[건],건,2,0,0,0,0,0,0,경기
부정경쟁방지및영업비밀보호에관한법률,발생건수[건],건,118,128,157,129,150,110,129,경기
비밀침해죄,발생건수[건],건,25,25,29,34,23,27,39,경기
비파괴검사기술의진흥및관리에관한법률,발생건수[건],건,0,0,0,0,0,1,0,경기
사격장안전법,발생건수[건],건,0,0,0,0,0,0,1,경기
산림법,발생건수[건],건,0,0,1,0,44,43,31,경기
생명윤리및안전에관한법률,발생건수[건],건,1,0,0,1,3,0,2,경기
석유및석유대체연료사업법,발생건수[건],건,146,140,105,130,87,42,28,경기
선박안전법,발생건수[건],건,0,0,1,0,0,0,0,경기
선박직원법,발생건수[건],건,3,0,0,0,0,0,0,경기
성매매방지및피해자보호등에관한법률위반,발생건수[건],건,1,2,8,3,2,2,0,경기
성매매알선등행위의처벌에관한법률위반(성매매),발생건수[건],건,868,671,573,401,365,599,920,경기
성매매알선등행위의처벌에관한법률위반(성매매강요등),발생건수[건],건,5,6,1,2,2,2,5,경기
성매매알선등행위의처벌에관한법률위반(성매매광고),발생건수[건],건,60,69,101,93,236,124,75,경기
성매매알선등행위의처벌에관한법률위반(성매매알선등),발생건수[건],건,1141,888,572,523,379,302,257,경기
성매매알선등행위의처벌에관한법률위반(아동·청소년),발생건수[건],건,0,0,0,0,0,0,0,경기
성매매알선등행위의처벌에관한법률위반(기타),발생건수[건],건,742,578,499,345,215,331,321,경기
성폭력범죄의처벌등에관한특례법위반(기타),발생건수[건],건,796,675,1194,1387,1910,1636,1993,경기
소방기본법,발생건수[건],건,8,9,12,7,5,11,8,경기
수도법,발생건수[건],건,49,89,55,45,53,45,23,경기
수산업법,발생건수[건],건,1,1,0,5,0,0,0,경기
신앙에관한죄,발생건수[건],건,55,63,90,54,42,47,39,경기
신용정보의이용및보호에관한법률,발생건수[건],건,8,1,1,8,8,6,3,경기
실화및업무상실화죄,발생건수[건],건,542,689,604,668,711,595,702,경기
스토킹처벌법,발생건수[건],건,0,0,0,0,0,230,2577,경기
아동·청소년의성보호에관한법률위반(강요행위등),발생건수[건],건,17,12,16,10,15,14,15,경기
아동·청소년의성보호에관한법률위반(매매),발생건수[건],건,2,3,2,2,3,0,1,경기
아동·청소년의성보호에관한법률위반(성매수등),발생건수[건],건,57,115,48,39,44,61,59,경기
아동·청소년의성보호에관한법률위반(알선영업행위등),발생건수[건],건,20,35,11,19,9,14,9,경기
아동·청소년의성보호에관한법률위반(기타),발생건수[건],건,121,90,114,80,154,97,140,경기
아동복지법위반(무아동복지시설의의무위반 등),발생건수[건],건,0,0,0,0,0,1,0,경기
아동복지법위반(유기·학대 등),발생건수[건],건,461,539,497,690,756,1816,1757,경기
아동복지법위반(기타),발생건수[건],건,440,471,684,990,980,2089,2046,경기
아동학대처벌법위반(비밀유지의무위반 등),발생건수[건],건,0,0,0,0,1,0,0,경기
아동학대처벌법위반(아동복지시설 종사자 등의 아동학대 가중처벌),발생건수[건],건,10,11,7,11,18,89,185,경기
아동학대처벌법위반(업무수행 방해 등),발생건수[건],건,0,0,0,0,0,2,1,경기
아동학대처벌법위반(유기·학대 등),발생건수[건],건,7,4,1,8,9,6,5,경기
아동학대처벌법위반(처분 불이행 등),발생건수[건],건,4,4,7,13,12,29,42,경기
아동학대처벌법위반(피해자 등에 대한 강요행위),발생건수[건],건,0,0,0,0,0,0,0,경기
아동학대처벌법위반(기타),발생건수[건],건,13,17,9,12,18,10,32,경기
액화석유가스의안전및사업관리법,발생건수[건],건,12,23,16,19,22,29,33,경기
양곡관리법,발생건수[건],건,1,1,1,2,0,0,0,경기
여객자동차운수사업법,발생건수[건],건,417,645,149,364,408,189,130,경기
여권법,발생건수[건],건,14,2,2,6,8,2,2,경기
영해및접속수역법,발생건수[건],건,0,0,0,0,0,0,0,경기
영화및비디오물의진흥에관한법률,발생건수[건],건,3,1,2,7,3,1,0,경기
옥외광고물법위반,발생건수[건],건,441,398,157,57,34,53,34,경기
위증죄,발생건수[건],건,411,381,405,326,318,260,275,경기
위치정보의보호및이용등에관한법률,발생건수[건],건,25,32,24,32,34,51,54,경기
유기와학대의죄,발생건수[건],건,15,26,20,19,21,9,15,경기
유선및도선사업법,발생건수[건],건,1,0,0,4,1,0,1,경기
음반·비디오물및게임물에관한법률,발생건수[건],건,0,0,0,0,0,0,0,경기
음악산업진흥에관한법률,발생건수[건],건,1843,1768,1535,1573,1054,1203,1166,경기
인질강요·살해·상해,발생건수[건],건,0,0,1,0,0,0,0,경기
일수와수리에관한죄,발생건수[건],건,1,0,0,0,1,0,0,경기
자동차관리법,발생건수[건],건,11536,5725,3141,3716,4627,4525,4586,경기
자동차손해배상보장법,발생건수[건],건,22169,10899,2892,2075,1728,1172,961,경기
자연공원법,발생건수[건],건,16,9,10,9,18,1,2,경기
장물에관한죄,발생건수[건],건,368,297,161,109,89,61,61,경기
장사등에관한법률,발생건수[건],건,26,22,19,27,31,18,13,경기
재난및안전관리기본법,발생건수[건],건,2,0,3,2,2,2,0,경기
전기통신기본법,발생건수[건],건,23,48,120,183,439,1247,1412,경기
전파법,발생건수[건],건,0,6,3,3,3,4,8,경기
정보통신망이용촉진및정보보호등에관한법률위반(개인정보누설등),발생건수[건],건,15,11,5,3,14,7,2,경기
정보통신망이용촉진및정보보호등에관한법률위반(명예훼손),발생건수[건],건,1212,1290,1485,1824,2333,3064,3300,경기
정보통신망이용촉진및정보보호등에관한법률위반(정보통신망침해등),발생건수[건],건,458,432,526,722,987,749,898,경기
정보통신망이용촉진및정보보호등에관한법률위반(기타),발생건수[건],건,704,638,734,718,862,1331,722,경기
정신건강복지법,발생건수[건],건,0,1,5,6,1,2,1,경기
주거침입의죄,발생건수[건],건,2634,2803,3305,4052,4467,4396,4238,경기
주민등록법,발생건수[건],건,593,441,419,425,558,359,421,경기
주차장법,발생건수[건],건,11,23,24,15,14,5,9,경기
집회및시위에관한법률,발생건수[건],건,26,19,31,30,18,29,43,경기
채무자회생및파산에관한법률위반,발생건수[건],건,20,14,14,15,19,16,18,경기
철도안전법,발생건수[건],건,1,2,5,4,5,5,3,경기
청소년보호법,발생건수[건],건,2080,2203,2028,1911,1774,1049,1475,경기
총포·도검·화약류등의안전관리에관한법률,발생건수[건],건,386,72,51,66,66,66,124,경기
축산물위생관리법,발생건수[건],건,245,149,51,55,21,37,35,경기
출입국관리법,발생건수[건],건,727,711,880,1081,734,338,324,경기
통신비밀보호법,발생건수[건],건,29,28,40,48,49,48,62,경기
특가법(무고),발생건수[건],건,0,0,0,0,1,0,1,경기
특가법(장물),발생건수[건],건,0,0,0,0,0,0,0,경기
특경법(보고의무),발생건수[건],건,0,0,0,0,0,0,0,경기
폭력행위등처벌에관한법률위반(기타),발생건수[건],건,0,0,1,1,0,1,0,경기
하수도법,발생건수[건],건,35,36,26,22,13,24,19,경기
하천법,발생건수[건],건,59,56,67,69,75,50,30,경기
학원의설립·운영및과외교섭에관한법률,발생건수[건],건,253,178,196,117,57,85,62,경기
항만운송사업법,발생건수[건],건,1,0,0,0,0,0,0,경기
"허위감정,증거인멸·은닉,증인은닉죄",발생건수[건],건,18,13,10,26,12,22,30,경기
형사소송법,발생건수[건],건,0,0,0,1,1,1,2,경기
형의실효등에관한법률,발생건수[건],건,1,2,1,1,1,1,4,경기
화물자동차운수사업법,발생건수[건],건,434,828,882,863,614,279,249,경기
기타,발생건수[건],건,4761,4852,4467,4515,4428,3532,3818,경기
